Ireland,Dublin,53.333056,-6.248889
Ireland,Cork,51.898611,-8.495833
Ireland,Limerick,52.664722,-8.623056
Ireland,Galway,53.271944,-9.048889
Ireland,Waterford,52.258333,-7.111944
Ireland,Drogheda,53.718889,-6.347778
Ireland,Tralee,52.266667,-9.716667
Ireland,Kilkenny,52.654167,-7.252222
Ireland,Sligo,54.266667,-8.483333
Ireland,Killarney,52.05,-9.516667
Ireland,Shannon,52.703889,-8.864167
Ireland,Monaghan,54.25,-6.966667
Ireland,Ros Comáin,53.633333,-8.183333
Ireland,Donegal,54.65,-8.116667
Ireland,Lifford,54.831944,-7.483611
Ireland,Carlow,52.840833,-6.926111
Ireland,Mullingar,53.533333,-7.35
Ireland,An Cabhán,53.990833,-7.360556
Ireland,Wicklow,52.975,-6.049444
Ireland,Dún Dealgan,54,-6.416667
Ireland,Clonmel,52.355,-7.703889
Ireland,Naas,53.215833,-6.666944
Ireland,Ennis,52.843611,-8.986389
Ireland,Port Laoise,53.032222,-7.3
Ireland,Swords,53.459722,-6.218056
Ireland,Tallaght,53.287778,-6.341111
Ireland,Wexford,52.334167,-6.4575
Ireland,Trim,53.555,-6.791667
Ireland,Tullamore,53.273889,-7.488889
Ireland,Castlebar,53.85,-9.3
Ireland,Nenagh,52.861944,-8.196667
Ireland,Dunleary,53.2925,-6.128611
Ireland,Longford,53.733333,-7.8
Ireland,Carrick on Shannon,53.946944,-8.09
United States,"Port Hueneme, CA",34.155834,-119.202789
United States,"Auburn, NY",42.933334,-76.566666
United States,"Jamestown, NY",42.095554,-79.238609
United States,"Fulton, MO",38.846668,-91.948059
United States,"Bedford, OH",41.392502,-81.534447
United States,"Stuart, FL",27.192223,-80.243057
United States,"San Angelo, TX",31.442778,-100.450279
United States,"Woodbridge, NJ",40.560001,-74.290001
United States,"Vista, CA",33.193611,-117.241112
United States,"South Bend, IN",41.676388,-86.250275
United States,"Davenport, IA",41.543056,-90.590836
United States,"Sparks, NV",39.554443,-119.735558
United States,"Green Bay, WI",44.513332,-88.015831
United States,"San Mateo, CA",37.554169,-122.313057
United States,"Tyler, TX",32.349998,-95.300003
United States,"League City, TX",29.499722,-95.089722
United States,"Lewisville, TX",33.038334,-97.006111
United States,"Meridian, ID",43.614166,-116.398888
United States,"Waterbury, CT",41.556110,-73.041389
United States,"Jurupa Valley, CA",34.000000,-117.483330
United States,"West Palm Beach, FL",26.709723,-80.064163
United States,"Antioch, CA",38.005001,-121.805832
United States,"High Point, NC",35.970554,-79.997498
United States,"Miami Gardens, FL",25.942122,-80.269920
United States,"Murrieta, CA",33.569443,-117.202499
United States,"Springfield, IL",39.799999,-89.650002
United States,"El Monte, CA",34.073334,-118.027496
United States,"West Jordan, UT",40.606388,-111.976112
United States,"College Station, TX",30.601389,-96.314445
United States,"Fairfield, CA",38.257778,-122.054169
United States,"Evansville, IN",37.977222,-87.550552
United States,"Cambridge, MA",42.373611,-71.110558
United States,"Richardson, TX",32.965557,-96.715836
United States,"Berkeley, CA",37.871666,-122.272781
United States,"Columbia, MS",38.951561,-92.328636
United States,"Athens, GA",33.950001,-83.383331
United States,"Lafayette, LA",30.216667,-92.033333
United States,"Sterling Heights, MI",42.580276,-83.030281
United States,"Visalia, CA",36.316666,-119.300003
United States,"Hampton, VA",37.034946,-76.360123
United States,"West Valley City, UT",40.689167,-111.993889
United States,"Surprise, AZ",33.630554,-112.366669
United States,"Thornton, CO",39.903057,-104.954445
United States,"Miramar, FL",25.978889,-80.282501
United States,"Murfreesboro, TN",35.846111,-86.391945
United States,"Pasadena, CA",34.156113,-118.131943
United States,"Bridgeport, CT",41.186390,-73.195557
United States,"Paterson, NJ",40.914745,-74.162827
United States,"Rockford, Il",42.259445,-89.064445
United States,"Joliet, Illinois",41.520557,-88.150558
United States,"Escondido, CA",33.124722,-117.080833
United States,"Kansas City, KS",39.106667,-94.676392
United States,"Springfield, MA",42.101391,-72.590279
United States,"Springfield, MO",37.210388,-93.297256
United States,"Corona, CA",33.866669,-117.566666
United States,"Pembroke Pines, FL",26.012501,-80.313614
United States,"Elk Grove, CA",38.438332,-121.381943
United States,"Oceanside, CA",33.211666,-117.325836
United States,"Newport News, VA",37.070831,-76.484444
United States,"Sioux Falls, South Dakota",43.536388,-96.731667
United States,"Vancouver, WA",45.633331,-122.599998
United States,"Worcester, MA",42.271389,-71.798889
United States,"Tallahassee, FL",30.455000,-84.253334
United States,"Columbus, GA",32.492222,-84.940277
United States,"Augusta, GA",33.466667,-81.966667
United States,"Montgomery, AL",32.361668,-86.279167
United States,"Aurora, IL",41.763889,-88.290001
United States,"Amarillo, TX",35.199165,-101.845276
United States,"Modesto, CA",37.661388,-120.994446
United States,"Garland, TX",32.907223,-96.635277
United States,"Irvine, CA",33.669445,-117.823059
United States,"Aurora, CO",39.710835,-104.812500
United States,"Arlington, TX",32.705002,-97.122780
United States,"Kansas City, MO",39.099724,-94.578331
United States,"Memphis, TN",35.117500,-89.971107
United States,"Indianapolis, IN",39.791000,-86.148003
United States,"Columbus, OH",39.983334,-82.983330
United States,"Austin, TX",30.266666,-97.733330
United States,"Dallas, TX",32.779167,-96.808891
United States,"Redwood City, CA",37.487846,-122.236115
United States,"Gastonia, NC"A,35.255280,-81.180275
United States,"New Braunfels, TX"A,29.700001,-98.116669
United States,"Palm Beach Gardens, FL",26.838619,-80.129967
United States,"Forestville, CA",38.473625,-122.889992
United States,"Houston, TX",29.749907,-95.358421
United States,"Muncie, IN",40.191891,-85.401695
United States,"Palm Springs, CA",33.830517,-116.545601
United States,"Hot Springs, AR",34.496212,-93.057220
United States,"Richmond, VA",37.541290,-77.434769
United States,"Fayetteville, AR",36.082157,-94.171852
United States,"Yuma, AZ",32.698437,-114.650398
United States,"Peoria, AZ",33.580944,-112.237068
United States,"Tempe, AZ",33.427204,-111.939896
United States,"Diamond Bar, CA",34.028622,-117.810333
United States,"Auburn, AL",32.609856,-85.480782
United States,"Hoover, AL",33.405746,-86.811546
United States,"Decatur, AL",34.603817,-86.985039
United States,"Bloomington, MN",44.840797,-93.298279
United States,"Utqiagvik, AK",71.290558,-156.788605
United States,"Fargo, ND",46.877186,-96.789803