1,Berryotter,Zaki Larson,Roksana Tang,Aliya Schmitt,Manahil Seymour,Teo Mathis,Ayah Copeland,Leticia Foster,Nina Stubbs
2,Stetianaka,Ann-Marie Munoz,Anna Wilder,Aneesah Murray,Harlan Mcintyre,Adelaide Driscoll,Astrid Lancaster,Montana Jarvis,Nela Lopez,Jameson Hyde,Emre Curry,Alfie-James Dunne,Isadora Wicks,Loretta Payne,Elicia Horn,Aaliyah Atkinson,Cora Mccallum,Aqeel Wolf,Gillian Wilcox,Ameena Dickinson,Harvie Macias,Quinn Jones,Lacey-Mai Blanchard,Garfield Albert,Ayda Dodson,Gillian Brandt
3,Thomashot,Youssef Gordon,Saara Forrest,Mared York,Beau Dickson,Sahib Watkins,Cayden Brookes,Huzaifah Rahman,Bethaney Rennie,Wayne Coffey,Keiran Braun,Colton Smyth,Kareem Rutledge,Bob Becker,Bronte Robertson
4,Gogmaman,Pippa Branch,Siena Hines,Dalton Roche,Kathleen Gibbs,Duncan Whyte,Mathilde Ali,Tasmin Floyd,Jett Thomson,Antony Markham
5,Howarheart,Star East,Angela Sumner,Ella-Mae Sandoval,Thalia Bob,Sky Francis,Aleena Redman,Cherish Morales,Herman Ahmed,Kameron Andrew,Kirk Ryan,Rickie Conway,Colin Schmidt
6,Cagmarshall,Macauly Rosa,Howard Wilkes,Abbie Maddox,Ishmael Acevedo,Gordon Oneal,Georgiana Lacey,Carlton Hirst,Nicolas Davies,Angelica Patrick,Tanisha Hogg,Faye Werner,Aaminah Byers,Nada Houston,Myron Sierra,Don Rooney,Laurie Hood,Ray Mcmahon,Merryn Phelps,Mylah Bowers,Muna Bartlett,Huxley Kelley,Minahil Lawson,Tyrell Dawe,Riley-James Burgess,Montel Harvey,Sally Magana,Adina Leal,Bernard Rios
7,Evilllo,Humera Bannister,Brent Fitzgerald,Juliette Hudson,Reilly Olsen,Latisha Kane,Lynda Bruce,Aurelia Abbott,Osama Lewis,Sumayya Rubio,Nabila Amos,Ashley Walton,Faris Shields,Omari Blackburn
8,Gigantper,Alayna Gilbert,Lloyd Gallagher,Kitty Campbell,Nial Haas,Bartlomiej Plummer,Zakariyah Haines,Farhaan Key,Manal Hart,Martine Petersen,Cristian Goodwin,Jarod Navarro
9,Knights,Nasir Chang,Jon Workman,Jobe Sadler,Simra Cross,Daisie Muir,Stefanie Hall,Charlton Alford,Brett Brennan,Lexi-May Bradshaw,Bushra Mcdermott
10,Dracojames,Kiara Edwards,John Hensley,Ceri Wilkerson,Russell Britton,Sania Mitchell,Karim Haynes,Reginald Reeve,Jeevan Larson,Diesel Mccullough,Aisling Ahmad,Iris Williamson,Lilly-May Higgs,Terri Begum,Zephaniah Wynn,Anton Sargent
11,Grizzly Knuckle,Zaki Larson
12,Crimson Toad,Roksana Tang
13,Denim Phantom Brotherhood,Aliya Schmitt
14,Crimson Rat Soldiers,Zaki Larson
15,Grey Devils,Roksana Tang
16,Vipers,Aliya Schmitt
17,Ebony Horns,Zaki Larson
18,Yellow Riders,Roksana Tang
19,Life Takers,Aliya Schmitt
20,Liberated,Zaki Larson
21,Empty Eyes,Roksana Tang
22,Wild Ones,Aliya Schmitt
23,Immortals,Zaki Larson
24,Disciples,Roksana Tang
25,Silence,Aliya Schmitt
26,United Front,Zaki Larson
27,Faceless Ones,Roksana Tang
28,Women Of Night,Aliya Schmitt
29,Voiceless Ones,Zaki Larson
30,Mob,Roksana Tang
31,Poison Ivies,Aliya Schmitt
32,Dead Eyes,Zaki Larson
33,Invincibles,Roksana Tang
34,Grim Reapers,Aliya Schmitt
35,Men Of Night,Zaki Larson
36,Anarchists,Roksana Tang
37,Dreamers,Aliya Schmitt
38,Hopeless Ones,Zaki Larson
39,Destroyers,Roksana Tang
40,Ravagers,Aliya Schmitt
41,Women Of Limbo,Zaki Larson
42,Risen Demons,Roksana Tang
43,Silent Death,Aliya Schmitt
44,Eternals,Zaki Larson
45,Damnation,Roksana Tang
46,Salvation,Aliya Schmitt