Stetianaka,05/17/20,07:29:32,608,73650,Juanita Duffy,Nenagh,52.886784481789,-8.23438939687488,INDECENT_BEHAVIOR,Harassing the public
Thomashot,05/14/20,20:07:49,359,17931,Chantel Vazquez,Wicklow,53.0078055489356,-6.07641239248823,PHYSICALLY_AGGRESSIVE,
Berryotter,06/18/20,22:22:07,119,41534,Hugh Flowers,Sligo,54.2491252471246,-8.43857613109059,INDECENT_BEHAVIOR,Harassing the public
Thomashot,06/06/20,17:07:54,742,41534,Kush Macfarlane,Naas,53.1901330365442,-6.66074052948227,PROPERTY_DESTRUCTION,Harassing the public
Cagmarshall,07/11/20,10:21:05,565,53093,Gracie Betts,Cork,51.9350941365328,-8.53301087645979,OBSTRUCTION,Attacked without provocation
Dracojames,05/08/20,13:21:43,565,34722,Jess Crouch,Lifford,54.8092529669055,-7.50005594073829,VERBALLY_AGGRESSIVE,Had weapons
Berryotter,08/03/20,22:05:20,690,93295,Alena Rosales,Galway,53.2307556342357,-9.07572259753162,INTIMIDATION,
Stetianaka,05/01/20,12:18:56,114,39463,Jaxon Bowman,Swords,53.483760224132,-6.23869532124555,VERBALLY_AGGRESSIVE,Dispersed before approaching
Gigantper,05/27/20,20:42:34,586,63361,Kirandeep Holland,Wexford,52.3794823106205,-6.44874980385328,VERBALLY_AGGRESSIVE,Had firearms
Thomashot,08/01/20,13:45:35,167,39463,Keziah Cummings,Lifford,54.8249971824345,-7.46393820796894,INDECENT_BEHAVIOR,Unlawful actions
Gogmaman,07/22/20,10:32:38,495,70199,Iman Harwood,Swords,53.492681957752,-6.23869425927194,PEACEFUL,
Gogmaman,05/30/20,19:02:17,318,64454,Rishi Muir,Trim,53.5248530848672,-6.7538972014328,INTIMIDATION,Dispersed before approaching
Stetianaka,06/02/20,05:39:30,338,63361,Iman Harwood,Naas,53.1805373705027,-6.6564902567791,PROPERTY_DESTRUCTION,
Dracojames,06/22/20,17:09:09,511,25982,Gracie Betts,Trim,53.5472810858162,-6.81309617406113,OBSTRUCTION,
Knights,05/27/20,16:45:54,438,73600,Maysa Nixon,Wicklow,52.9963814178235,-6.06541849334111,INTIMIDATION,Some seemed drunk
Knights,07/05/20,01:53:55,524,25982,Ottilie Wickens,Dún Dealgan,54.0316920357218,-6.43659200622682,INTIMIDATION,Had firearms
Cagmarshall,06/28/20,20:54:57,138,35475,Lea Mullen,Drogheda,53.6764672782156,-6.38417718463321,OBSTRUCTION,
Evilllo,08/07/20,14:14:32,456,73600,Lilly-Mae Bolton,Wicklow,52.9549439084193,-6.08114860810233,VERBALLY_AGGRESSIVE,Harassing specific individuals
Gigantper,08/07/20,16:44:19,278,77684,Arwa Ross,Limerick,52.6168051249665,-8.65747639675199,OBSTRUCTION,
Stetianaka,06/19/20,22:34:40,601,26458,Shani Franco,Carrick on Shannon,53.9825029406026,-8.12954630343933,VERBALLY_AGGRESSIVE,
Thomashot,07/21/20,13:20:54,50,9654,Lilly-Mai Casey,Tullamore,53.281665656724,-7.47327439342867,INTIMIDATION,Unlawful actions
Berryotter,07/05/20,20:02:58,502,26458,Raymond Frey,Lifford,54.8267234476143,-7.49081049381941,INDECENT_BEHAVIOR,Unlawful actions
Knights,07/16/20,06:49:34,643,23767,Orson Ferry,Waterford,52.2231856299889,-7.13401338250494,PEACEFUL,Some seemed drunk
Thomashot,08/07/20,05:39:32,747,12117,Cinar Hyde,Carrick on Shannon,53.9883728212457,-8.11994163464592,INDECENT_BEHAVIOR,Had firearms
Gogmaman,07/23/20,07:30:45,350,73600,Meredith Goldsmith,Lifford,54.8330975632064,-7.43501016782099,PEACEFUL,
Berryotter,07/07/20,16:02:18,385,23767,Harold Lutz,Longford,53.7178037872549,-7.77697962440621,INDECENT_BEHAVIOR,Unlawful actions
Knights,05/28/20,12:36:15,52,90073,Alasdair Wolf,Shannon,52.6990584278243,-8.88458084486061,SOLICITATION,
Stetianaka,07/07/20,03:34:33,297,18346,Opal Witt,Dún Dealgan,54.0035729690721,-6.41950930156506,INDECENT_BEHAVIOR,Some seemed drunk
Stetianaka,07/01/20,18:42:30,520,11176,Ariah Vaughan,Tralee,52.2922453387908,-9.76013722183908,INDECENT_BEHAVIOR,Had firearms
Stetianaka,05/15/20,18:43:06,98,71679,Jules Wharton,Nenagh,52.8146066554803,-8.24343615664997,INDECENT_BEHAVIOR,
Cagmarshall,05/29/20,12:48:17,704,85806,Hiba Bravo,Nenagh,52.858673694347,-8.20139146145897,INDECENT_BEHAVIOR,
Berryotter,05/28/20,01:29:10,669,15771,Usama Oconnell,Carlow,52.8617706918115,-6.88593733102495,INTIMIDATION,
Stetianaka,06/21/20,15:19:00,361,73290,Malachy Begum,Tallaght,53.3140768361508,-6.30899695589791,PEACEFUL,Harassing public property
Cagmarshall,05/25/20,20:29:25,486,11176,Hiba Bravo,Killarney,52.0735138659133,-9.51367795684322,PROPERTY_DESTRUCTION,Harassing specific individuals
Gogmaman,07/03/20,12:21:06,639,77684,Daisy-May Archer,Lifford,54.7949930473707,-7.50125550101501,PROPERTY_DESTRUCTION,
Dracojames,06/16/20,08:36:37,280,38695,Colin Ford,Naas,53.1722134190601,-6.70644600616763,PROPERTY_DESTRUCTION,
Gogmaman,08/27/20,07:33:41,76,14252,Maud Rodrigues,Cork,51.9410783009997,-8.46062941867227,PROPERTY_DESTRUCTION,Unlawful actions
Grim Reapers,08/26/20,02:57:38,660,17931,Britney Regan,Monaghan,54.2562834567083,-6.93128580333696,VERBALLY_AGGRESSIVE,Dispersed before approaching
Dead Eyes,08/26/20,05:01:31,683,26458,Malcolm Monroe,Wexford,52.352891103597,-6.41223696174628,SOLICITATION,
Women Of Night,08/26/20,01:21:13,735,38695,Daisy-May Archer,Clonmel,52.390726323946,-7.65920520577296,VERBALLY_AGGRESSIVE,
Dreamers,08/27/20,18:34:43,626,60349,Sophia Skinner,Galway,53.2669634800655,-9.01470013495682,PHYSICALLY_AGGRESSIVE,
Wild Ones,08/27/20,13:55:10,503,4165,Aiza Hamer,Dunleary,53.2956874342133,-6.08093131032835,VERBALLY_AGGRESSIVE,Had weapons
Yellow Riders,08/27/20,16:23:39,376,50784,Trixie Pineda,Donegal,54.6079110044667,-8.09155475829375,SOLICITATION,Had firearms
Denim Phantom Brotherhood,08/26/20,01:59:35,260,35200,Arwa Ross,Ennis,52.8315142881461,-8.96453618229514,PEACEFUL,
Women Of Limbo,08/27/20,07:56:15,467,94376,Dolcie Lewis,Dunleary,53.2888759638088,-6.16430042870473,VERBALLY_AGGRESSIVE,
Gigantper,08/26/20,10:36:50,675,25982,Huey Bryant,Limerick,52.6854003394671,-8.59215990861412,OBSTRUCTION,
Mob,08/26/20,18:34:10,550,18522,Raymond Frey,Carlow,52.8322063279195,-6.88460908169007,INTIMIDATION,
Grizzly Knuckle,08/27/20,19:20:25,336,6681,Sid Mack,Mullingar,53.5086033228929,-7.38833212632523,OBSTRUCTION,
Grizzly Knuckle,08/26/20,14:49:42,615,65307,Raiden Whyte,Mullingar,53.5129145227917,-7.38303088200495,PROPERTY_DESTRUCTION,
Grey Devils,08/26/20,05:26:27,491,6681,Nahla Mccann,Ennis,52.8538939770608,-9.02335633495755,INDECENT_BEHAVIOR,
Salvation,08/26/20,22:24:05,298,53093,Kush Macfarlane,An Cabhán,53.981681665376,-7.38330894283819,INTIMIDATION,Had weapons
Crimson Toad,08/26/20,18:17:19,312,38670,Iman Harwood,Cork,51.8648012655185,-8.54548735932643,INDECENT_BEHAVIOR,