64454,Ruairidh Britt
38670,Phoenix Mcdonald
35200,Gwion Riley
53093,Fletcher Barclay
50784,Dominic Tyler
34722,Mea Sanford
23767,Zakariya Contreras
39463,Ted Moyer
35475,Bea Greenwood
77416,Franklyn Battle
71679,Anisha Matthews
71546,Jaxson Wharton
14252,Nia French
73600,Menaal Carney
38330,Floyd Mellor
17931,Mallory Correa
89650,Ethan Pratt
95239,Wayne Patel
94376,Margot Emery
38695,Ronan Power
15771,Sameeha Norris
90073,Natalie Morse
11176,Kerry Handley
93295,Dustin Cruz
18522,Lynn Rossi
41409,Darragh Devlin
13199,Rose Busby
63361,Cadence Dunn
42939,Anisah Harmon
53362,Humairaa Rosa
65307,Mahi Mcneil
22566,Albie Osborne
66889,Kaci Brennan
70199,Trystan Chester
4165,Keon Mackenzie
25982,Mehreen Graham
26458,Lennox Lucas
73290,Neo Sutton
9654,Jennie Martinez
6681,Teejay Walls
13376,Priscilla Tierney
18346,Siena Lamb
77684,Lauren Ritter
35274,Ralphy Fischer
60349,Arla Beach
12117,Zaara Drummond
73650,Marissa Odom
41534,Devon England
38247,Tarik Hodges
85806,Kyal O'Brien