SAZ 881,06/03/20,18:22:53,Monaghan,54.2591204861407,-6.96903621493297,SPEEDING,100,37,FOOTAGE,INT-634_#21113.mp4,
ALZ 511,05/12/20,19:04:27,Shannon,52.7200119139683,-8.88141442879876,SPEEDING,100,10,FOOTAGE,INT-699_#32923.mp4,
GUI 488,07/25/20,06:27:48,An Cabhán,54.0216569137504,-7.3465399901326,SPEEDING,100,38,FOOTAGE,INT-128_#85336.mp4,
SIB 677,08/04/20,21:42:45,Wexford,52.3531636383122,-6.49768082167206,SPEEDING,100,27,FOOTAGE,INT-454_#54559.mp4,Tail lights also broken
RJI 295,06/23/20,05:45:46,Clonmel,52.3684989635501,-7.71740609701116,SPEEDING,100,17,FOOTAGE,INT-672_#17727.mp4,Vehicle was stopped
GAZ 842,05/20/20,13:03:36,Wicklow,52.9326105161278,-6.05521752431704,SPEEDING,100,34,FOOTAGE,INT-216_#9425.mp4,
DIG 556,06/06/20,19:17:42,Wicklow,52.946467370258,-6.08945770376806,SPEEDING,100,22,FOOTAGE,INT-583_#62200.mp4,
UUI 240,07/30/20,22:23:44,Donegal,54.6169448037229,-8.16454222155039,SPEEDING,100,29,FOOTAGE,INT-947_#88452.mp4,Continuously above speed limit
DIG 774,07/23/20,18:38:25,Kilkenny,52.6421632951285,-7.27278399017095,SPEEDING,100,0,FOOTAGE,INT-759_#88019.mp4,Possible criminal chase
SIL 771,05/04/20,10:13:00,Shannon,52.7292068625828,-8.88317950351027,SPEEDING,100,18,FOOTAGE,INT-62_#47109.mp4,Vehicle did not yield
HIL 662,06/23/20,04:44:50,Clonmel,52.3713306251822,-7.72004862552491,SPEEDING,100,6,FOOTAGE,INT-416_#26886.mp4,
AIG 456,08/02/20,00:19:18,Killarney,52.0047876891609,-9.50254176158394,SPEEDING,100,24,FOOTAGE,INT-831_#38664.mp4,Continuously above speed limit
OAZ 911,06/06/20,12:29:20,Wicklow,52.9585121316542,-6.05516606271649,SPEEDING,100,7,FOOTAGE,INT-702_#6543.mp4,Malfunctioning vehicle
SIL 990,07/27/20,05:23:51,Trim,53.5767863328406,-6.75602243176672,SPEEDING,100,36,FOOTAGE,INT-997_#65175.mp4,Continuously above speed limit
DEZ 6000,05/30/20,18:01:47,Tullamore,53.2638964684245,-7.44608182763573,SPEEDING,100,36,FOOTAGE,INT-909_#93260.mp4,
SEZ 929,05/17/20,00:28:41,Clonmel,52.3567253976221,-7.66411907357876,SPEEDING,100,16,FOOTAGE,INT-717_#60805.mp4,Drunk driver
CAZ 488,05/19/20,04:38:43,Shannon,52.7214035348424,-8.85469143782935,SPEEDING,100,37,FOOTAGE,INT-219_#16456.mp4,Possible criminal chase
PIW 626,07/23/20,19:08:53,Mullingar,53.5005517908923,-7.35378377288538,SPEEDING,100,24,FOOTAGE,INT-256_#42764.mp4,
HUI 335,07/01/20,14:58:48,Castlebar,53.813987862786,-9.25205837067073,SPEEDING,100,9,FOOTAGE,INT-851_#80847.mp4,Continuously above speed limit
RIB 9876,07/28/20,12:36:31,Tralee,52.2939430198415,-9.75990675948379,SPEEDING,100,3,FOOTAGE,INT-965_#88741.mp4,
WJI 1500,07/08/20,08:39:25,Clonmel,52.3479671631192,-7.67439464302188,SPEEDING,100,8,FOOTAGE,INT-538_#90079.mp4,
NXZ 5473,05/16/20,15:53:28,Donegal,54.6707463626231,-8.09570375957426,SPEEDING,100,30,FOOTAGE,INT-716_#74261.mp4,Tail lights also broken
RAZ 535,05/03/20,19:18:07,Nenagh,52.8214247317798,-8.18237933049502,SPEEDING,100,20,FOOTAGE,INT-610_#60501.mp4,Drunk driver
CAZ 633,06/28/20,11:26:03,Tallaght,53.3326092337714,-6.31171393767307,SPEEDING,100,1,FOOTAGE,INT-101_#20280.mp4,Tail lights also broken
OAZ 911,05/30/20,23:29:01,Cork,51.8800984210679,-8.50950739674159,SPEEDING,100,17,FOOTAGE,INT-460_#74525.mp4,Tail lights also broken
JIL 225,07/23/20,06:34:27,Monaghan,54.2819193280582,-6.93469152687945,SPEEDING,100,9,FOOTAGE,INT-681_#73146.mp4,
XJZ 911,06/12/20,22:28:05,Kilkenny,52.6685888494043,-7.3017299961663,SPEEDING,100,13,FOOTAGE,INT-57_#24893.mp4,
GUI 488,08/06/20,01:42:49,Port Laoise,53.0801262307537,-7.29214933607577,SPEEDING,100,30,FOOTAGE,INT-453_#9164.mp4,
RAZ 909,05/28/20,03:20:57,Wicklow,52.978448180435,-6.05232683432805,SPEEDING,100,7,FOOTAGE,INT-276_#52052.mp4,
HUI 335,07/18/20,07:51:13,Ennis,52.8787598536323,-8.97690349261084,SPEEDING,100,35,FOOTAGE,INT-337_#85841.mp4,Tail lights also broken
PJZ 876,05/26/20,22:01:09,Tralee,52.3145206292695,-9.71824691325211,SPEEDING,100,9,FOOTAGE,INT-74_#89203.mp4,Vehicle was stopped
RHZ 1300,07/01/20,01:40:08,Sligo,54.293097347607,-8.50943090056863,SPEEDING,100,26,FOOTAGE,INT-60_#5989.mp4,Drunk driver
HUI 335,07/15/20,19:06:13,Dublin,53.3323833815381,-6.25591743395595,SPEEDING,100,2,FOOTAGE,INT-163_#32817.mp4,Continuously above speed limit
DIG 677,07/12/20,09:08:18,Dunleary,53.2463475008946,-6.08064779437628,SPEEDING,100,23,FOOTAGE,INT-275_#23546.mp4,Malfunctioning vehicle
JIL 225,05/22/20,16:28:38,Drogheda,53.7682321315493,-6.33835184062041,SPEEDING,100,16,FOOTAGE,INT-762_#35103.mp4,Possible criminal chase
GAZ 842,06/17/20,08:59:37,Port Laoise,52.9940556969906,-7.28664914226724,SPEEDING,100,24,FOOTAGE,INT-154_#30889.mp4,Drunk driver
GAZ 477,07/22/20,06:28:23,Lifford,54.8544285891035,-7.47293076104829,SPEEDING,100,39,FOOTAGE,INT-658_#14962.mp4,Malfunctioning vehicle
GAZ 477,07/05/20,20:45:55,Wexford,52.3487235019035,-6.41750512642873,SPEEDING,100,18,FOOTAGE,INT-2_#45812.mp4,
SIL 771,05/21/20,20:42:36,Castlebar,53.8478126920394,-9.33311249947606,SPEEDING,100,23,FOOTAGE,INT-587_#57881.mp4,
DAZ 722,07/01/20,10:55:20,Lifford,54.7928084387317,-7.44154327700283,SPEEDING,100,33,FOOTAGE,INT-411_#99825.mp4,Vehicle did not yield
GHZ 49,05/02/20,17:05:53,Shannon,52.6582895335348,-8.88078243275325,SPEEDING,100,16,FOOTAGE,INT-640_#32090.mp4,Possible criminal chase
SIB 644,06/17/20,00:47:53,Limerick,52.688505339845,-8.59763310346596,SPEEDING,100,10,FOOTAGE,INT-802_#70160.mp4,Tail lights also broken
VJZ 1600,06/14/20,06:20:01,Killarney,52.0010400905333,-9.53729747616294,SPEEDING,100,8,FOOTAGE,INT-975_#71443.mp4,
RJI 884,06/14/20,16:11:55,Dublin,53.338857793902,-6.21061344958508,SPEEDING,100,1,FOOTAGE,INT-905_#39741.mp4,Possible criminal chase
PJZ 876,06/06/20,04:49:09,Naas,53.2234035824483,-6.70971633935267,SPEEDING,100,25,FOOTAGE,INT-747_#97080.mp4,
MIG 434,07/02/20,04:18:50,Lifford,54.8003503197589,-7.49148070949088,SPEEDING,100,23,FOOTAGE,INT-920_#73827.mp4,Vehicle was stopped
DEZ 375,06/05/20,02:34:21,Cork,51.8931362272498,-8.49534802537503,SPEEDING,100,17,FOOTAGE,INT-900_#14784.mp4,Possible criminal chase
DIG 353,07/18/20,10:33:53,Nenagh,52.8672769950993,-8.17165789434391,SPEEDING,100,21,FOOTAGE,INT-193_#56381.mp4,Vehicle was stopped
BAZ 339,07/19/20,23:16:56,Mullingar,53.5572441783468,-7.39439564448211,SPEEDING,100,37,FOOTAGE,INT-574_#35600.mp4,Vehicle was stopped
VJZ 1600,06/09/20,07:55:33,Naas,53.1713729110305,-6.70954043919633,SPEEDING,100,22,FOOTAGE,INT-84_#64522.mp4,Tail lights also broken
MJI 226,08/26/20,16:15:42,Tallaght,53.304037442384,-6.31450947840898,SPEEDING,100,13,FOOTAGE,INT-206_#8474.mp4,
BIG 221,08/27/20,04:00:51,Ennis,52.8835488390851,-8.98164660191293,SPEEDING,100,14,FOOTAGE,INT-430_#73112.mp4,
GAZ 477,08/27/20,17:37:24,Wicklow,53.0115560398356,-6.00338738372623,SPEEDING,100,5,FOOTAGE,INT-290_#81792.mp4,
NEZ 330,08/26/20,19:13:25,Clonmel,52.3513054995257,-7.75331965437089,SPEEDING,100,30,FOOTAGE,INT-186_#15317.mp4,Vehicle did not yield
MJI 144,08/27/20,13:52:17,Nenagh,52.8771132586507,-8.20074896491308,SPEEDING,100,29,FOOTAGE,INT-643_#52049.mp4,Possible criminal chase
GXZ 7661,08/27/20,03:35:59,Wicklow,53.0048119813674,-6.07434572189843,SPEEDING,100,18,FOOTAGE,INT-316_#60956.mp4,Vehicle was stopped
RAZ 535,08/26/20,03:37:20,Sligo,54.2749472511343,-8.47266556235055,SPEEDING,100,10,FOOTAGE,INT-963_#63253.mp4,Possible criminal chase
SJI 5395,08/27/20,07:02:57,Dún Dealgan,53.9582874315847,-6.3995007746149,SPEEDING,100,16,FOOTAGE,INT-965_#78658.mp4,Malfunctioning vehicle
DUI 9800,08/26/20,06:24:38,Lifford,54.7921231427073,-7.51523138223692,SPEEDING,100,9,FOOTAGE,INT-377_#42543.mp4,
CAZ 633,08/26/20,07:19:42,Shannon,52.7118969692203,-8.83109749159073,SPEEDING,100,1,FOOTAGE,INT-892_#35914.mp4,
DIG 774,08/26/20,17:01:29,Clonmel,52.3563908797909,-7.65520355627165,SPEEDING,100,14,FOOTAGE,INT-185_#22949.mp4,Vehicle did not yield
CAZ 633,08/27/20,06:30:40,Tallaght,53.2948493271013,-6.3047228015626,SPEEDING,100,11,FOOTAGE,INT-184_#4527.mp4,Possible criminal chase
UUI 240,08/26/20,08:49:44,Lifford,54.8589614110423,-7.45172859204333,SPEEDING,100,26,FOOTAGE,INT-932_#61911.mp4,
XJZ 911,08/26/20,10:44:46,Ros Comáin,53.667119066155,-8.21571401010314,SPEEDING,100,36,FOOTAGE,INT-216_#12914.mp4,Vehicle was stopped
BIG 688,08/26/20,22:30:01,Clonmel,52.3400668444753,-7.70317831479591,SPEEDING,100,8,FOOTAGE,INT-846_#62600.mp4,Vehicle was stopped
ALZ 511,08/27/20,21:38:10,Carrick on Shannon,53.9765073763418,-8.07371371500318,SPEEDING,100,7,FOOTAGE,INT-502_#98047.mp4,Continuously above speed limit
PJZ 876,08/27/20,10:56:39,Tralee,52.2512008759831,-9.7486487747006,SPEEDING,100,17,FOOTAGE,INT-546_#144.mp4,Continuously above speed limit
HAZ 466,08/27/20,17:55:37,Ros Comáin,53.6059997311767,-8.13412761113792,SPEEDING,100,27,FOOTAGE,INT-8_#25810.mp4,Tail lights also broken
DIG 959,08/26/20,16:21:08,Tullamore,53.3130704062432,-7.45925303236156,SPEEDING,100,30,FOOTAGE,INT-468_#24959.mp4,Continuously above speed limit
GHZ 49,08/26/20,22:19:58,Donegal,54.6393739240384,-8.11610414117299,SPEEDING,100,39,FOOTAGE,INT-557_#43609.mp4,Continuously above speed limit
DAZ 557,08/26/20,06:26:25,Clonmel,52.3120306955939,-7.69547958781492,SPEEDING,100,35,FOOTAGE,INT-45_#59460.mp4,
DAZ 557,08/26/20,02:48:24,Shannon,52.6900658295194,-8.88685936740839,SPEEDING,100,12,FOOTAGE,INT-982_#32014.mp4,Tail lights also broken
NEZ 155,08/26/20,03:50:21,Waterford,52.2368174673066,-7.12937539648652,SPEEDING,100,9,FOOTAGE,INT-51_#92567.mp4,Drunk driver
TXI 211,08/26/20,01:22:06,Mullingar,53.5184594612259,-7.32770464730006,SPEEDING,100,28,FOOTAGE,INT-54_#91729.mp4,Tail lights also broken