SJI 5395,Kishan Castillo
BIG 221,Jedd Wade
GHZ 49,Philip Sutherland
NAZ 636,Edan Plummer
SIL 771,Barbara Bullock
DAZ 557,Umer Baker
CAZ 488,Flora Mckenna
XNZ 911,Sasha O'Neill
CHZ 488,Adina Weston
DUI 9800,Sidney Mata
DEZ 275,Nick Gale
LAZ 880,Dayna Stanley
GAZ 922,Alberto Noble
SIB 644,Lyle Hull
JIG 133,Marius Fowler
BIG 881,Bushra Zhang
MIG 663,Sharmin East
RAZ 909,Safwan Burton
AIG 456,Derren Butler
DIG 556,Hayleigh Lee
GAZ 477,Keeleigh Davila
BAZ 339,Kenneth Spears
JIL 775,Cassia Thatcher
GXZ 7661,Zoha Peacock
MJI 955,Kiefer Gibbons
DIG 959,Margaux Roy
VJZ 1600,Theodor Jackson
HIL 855,Ellie-Rose Jensen
DIG 677,Jae Randolph
NEZ 155,Oran Sheehan
JIL 225,Lucy Coleman
NXZ 5473,Keavy Barnard
NEZ 330,Hadassah Bates
BAZ 650,Cathal Delgado
OAZ 911,Ailsa Barron
HAZ 770,Miles Samuels
HIL 662,Zachary Carson
GUI 488,Leonie Sellers
RJI 295,Manuel Foster
UUI 240,Joss Christian
DIG 155,Sinead Donald
MIG 434,Lylah Zuniga
BIG 664,Tyrone Farrington
FBZ 9876,Isobelle Carrillo
GAZ 966,Corinne Armstrong
BAZ 266,Jadine Cummings
BAZ 765,Sian Ahmed
PJZ 876,Zunairah Hawkins
SIL 990,Taha Bone
KIW 668,Seth O'Doherty
PIW 626,Malachy Greenaway
RIB 9876,Imran Justice
DIG 774,Toyah Lancaster
PIW 9876,Phebe Conway
RAZ 535,Shakeel Powell
CAZ 633,Samiya Alcock
HIG 848,Dilara Greene
GAZ 842,Dorothy Acevedo
HAZ 466,Shivam Maxwell
UXI 488,Rory Whittington
TXI 211,Benjamin Lawson
BIG 545,Hari Blackwell
FRZ 414,Azeem Villegas
DEZ 6000,Amie Poole
RHZ 1300,Arnie Collins
BIG 688,Emer Tanner
DAZ 466,Kwabena Workman
DIG 353,Gracie-May Ferry
JIG 654,Artur Cannon
SIB 677,Rocky Hussain
YBZ 488,Aamir Cottrell
LI 6483,Yanis Cresswell
JIL 559,Winifred Quinn
XJZ 911,Shania Mcarthur
SEZ 929,Kiran Potter
JEZ 848,Alexis Bravo
RIL 811,Tala Alston
WJI 1500,Lacey-Mae Hughes
HIL 688,Jadene Perez
MJI 144,Effie Atkinson
XJI 255,Evelyn Marsh
MJI 226,Mared Riddle
BAZ 122,Devon Worthington
ALZ 511,Zaara Richards
RJI 884,Kaden Ferrell
JRZ 8765,Patryk Arroyo
JJI 8765,Leela Croft
HIL 446,Amit Bowden
NAZ 272,Tom Bowes
SHZ 511,Misbah Murray
DEZ 375,Kieren Larson
UUI 1700,Ariel Hyde
DAZ 722,Kaylee Gill
SAZ 881,Gianluca Fitzpatrick
GIL 955,Sahra Dougherty
GIL 733,Saul Davenport
MRZ 272,Hanifa Solis
HUI 335,Billie-Jo Taylor
NAZ 515,Faye Beattie
IFZ 1500,Ethel Marks