{
  "project_info": {
    "project_number": "603411954218",
    "firebase_url": "https://crime-tracker-f3f54.firebaseio.com",
    "project_id": "crime-tracker-f3f54",
    "storage_bucket": "crime-tracker-f3f54.appspot.com"
  },
  "client": [
    {
      "client_info": {
        "mobilesdk_app_id": "1:603411954218:android:385cfb274e7836025d6153",
        "android_client_info": {
          "package_name": "com.homeapp.crimetracker"
        }
      },
      "oauth_client": [
        {
          "client_id": "603411954218-lfcl8n3arubes3ku2se05uhh59evarc2.apps.googleusercontent.com",
          "client_type": 3
        }
      ],
      "api_key": [
        {
          "current_key": "AIzaSyC1jt9FtDLyD9mXAvBWx2E9Wjr1b-WUs9U"
        }
      ],
      "services": {
        "appinvite_service": {
          "other_platform_oauth_client": [
            {
              "client_id": "603411954218-lfcl8n3arubes3ku2se05uhh59evarc2.apps.googleusercontent.com",
              "client_type": 3
            }
          ]
        }
      }
    }
  ],
  "configuration_version": "1"
}